sel104_0,150552,150768,152577,152800,154426,156045
sel104_1,150552,150768,152577,152800,154426,156045
sel100_0,150298,150500,150697,150896,151101,151297,151504,151717,151924,152112,152303,152505,152698,152890,153095,153308,153513,153692,153888,154085,154296,154492,154690,154900,155107,155288,155474,155674,155881,156080
sel100_1,150298,150500,150697,150896,151101,151297,151504,151717,151924,152112,152303,152505,152698,152890,153095,153308,153513,153692,153888,154085,154296,154492,154690,154900,155107,155288,155474,155674,155881,156080
sel114_0,150213,150446,150704,150946,151173,151407,151636,151867,152113,152345,152575,152815,153037,153248,153498,153742,153978,154211,154442,154669,154897,155147,155388,155612,155846,156076,156293,156536,156786,157002
sel114_1,150213,150446,150704,150946,151173,151407,151636,151867,152113,152345,152575,152815,153037,153248,153498,153742,153978,154211,154442,154669,154897,155147,155388,155612,155846,156076,156293,156536,156786,157002
sel116_0,150261,150446,150635,150819,151006,151389,151586,152101,152299,152495,152882,153079,153279,153671,153859,154053,154430,154621,154814,155004,155200,155396,155590,155792,155990,156191,156389,156587,156788,156984,157175,157370,157558,157748,157937,158122,158315,158499,158680,158868
sel116_1,150261,150446,150635,150819,151006,151389,151586,152101,152299,152495,152882,153079,153279,153671,153859,154053,154430,154621,154814,155004,155200,155396,155590,155792,155990,156191,156389,156587,156788,156984,157175,157370,157558,157748,157937,158122,158315,158499,158680,158868
sel117_0,150483,150772,151057,151348,151644,151942,152224,152526,152810,153103,153382,153682,153973,154264,154561,154848,155133,155427,155725,156027,156317,156616,156907,157208,157500,157805,158100,158389,158684,158972
sel117_1,150483,150772,151057,151348,151644,151942,152224,152526,152810,153103,153382,153682,153973,154264,154561,154848,155133,155427,155725,156027,156317,156616,156907,157208,157500,157805,158100,158389,158684,158972
sel123_0,150379,150722,151063,151378,151726,152046,152368,152699,153021,153336,153644,153972,154274,154602,154933,155227,155526,155852,156133,156413,156682,156925,157175,157417,157653,157917,158283,158634,158982,159317
sel123_1,150379,150722,151063,151378,151726,152046,152368,152699,153021,153336,153644,153972,154274,154602,154933,155227,155526,155852,156133,156413,156682,156925,157175,157417,157653,157917,158283,158634,158982,159317
sel14046_0,150173,150353,150539,150723,150903,151084,151261,151448,151628,151810,151990,152176,152362,152547,152740,152935,153127,153311,153504,153705,153891,154077,154265,154457,154641,154823,155011,155201,155390,155577
sel14046_1,150173,150353,150539,150723,150903,151084,151261,151448,151628,151810,151990,152176,152362,152547,152740,152935,153127,153311,153504,153705,153891,154077,154265,154457,154641,154823,155011,155201,155390,155577
sel14157_0,150847,151056,151261,151468,151677,151883,152094,152299,152504,152716,152918,153121,153335,153540,153743,153955,154161,154366,154576,154781,154991,155205,155396,155408,155622,155827,156248,156458,156663,156876,157090,157301
sel14157_1,150847,151056,151261,151468,151677,151883,152094,152299,152504,152716,152918,153121,153335,153540,153743,153955,154161,154366,154576,154781,154991,155205,155396,155408,155622,155827,156248,156458,156663,156876,157090,157301
sel14172_0,150466,150804,151143,151470,151794,152118,152454,152773,153104,153434,153769,154093,154424,154776,155109,155440,155773,156129,156460,156778,157104,157432,157763,158092,158435,158759,159110,159473,159834,160174,160511,160858
sel14172_1,150466,150804,151143,151470,151794,152118,152454,152773,153104,153434,153769,154093,154424,154776,155109,155440,155773,156129,156460,156778,157104,157432,157763,158092,158435,158759,159110,159473,159834,160174,160511,160858
sel15814_0,150185,150404,150623,150843,151059,151279,151500,151719,151939,152154,152380,152600,152819,153037,153265,153484,153706,154380,154595,154820,155039,155259,155487,155709,155928,156147,156371,156593,156810,157030,157249,157469
sel15814_1,150185,150404,150623,150843,151059,151279,151500,151719,151939,152154,152380,152600,152819,153037,153265,153484,153706,154380,154595,154820,155039,155259,155487,155709,155928,156147,156371,156593,156810,157030,157249,157469
sel16265_0,150409,150605,150786,150950,151128,151296,151472,151648,151831,152026,152215,152401,152597,152791,152978,153157,153335,153515,153694,153877,154057,154245,154432,154614,154796,154987,155184,155365,155546,155738
sel16265_1,150409,150605,150786,150950,151128,151296,151472,151648,151831,152026,152215,152401,152597,152791,152978,153157,153335,153515,153694,153877,154057,154245,154432,154614,154796,154987,155184,155365,155546,155738
sel16272_0,150433,150704,150970,151240,151513,151780,152043,152310,152582,152842,153106,153370,153638,153899,154164,154432,154706,154969,155242,155512,155780,156045,156313,156582,156841,157104,157366,157633,157891,158159
sel16272_1,150433,150704,150970,151240,151513,151780,152043,152310,152582,152842,153106,153370,153638,153899,154164,154432,154706,154969,155242,155512,155780,156045,156313,156582,156841,157104,157366,157633,157891,158159
sel16273_0,150283,150489,150701,150905,151109,151308,151500,151691,151884,152087,152288,152498,152720,152931,153146,153367,153570,153775,153983,154185,154382,154586,154800,155002,155208,155425,155631,155840,156051,156259
sel16273_1,150283,150489,150701,150905,151109,151308,151500,151691,151884,152087,152288,152498,152720,152931,153146,153367,153570,153775,153983,154185,154382,154586,154800,155002,155208,155425,155631,155840,156051,156259
sel16420_0,150262,150475,150686,150892,151103,151314,151516,151729,151947,152153,152364,152590,152797,153003,153218,153440,153651,153861,154080,154287,154498,154722,154952,155165,155393,155611,155831,156042,156252,156472
sel16420_1,150262,150475,150686,150892,151103,151314,151516,151729,151947,152153,152364,152590,152797,153003,153218,153440,153651,153861,154080,154287,154498,154722,154952,155165,155393,155611,155831,156042,156252,156472
sel16483_0,150271,150473,150675,150878,151080,151286,151490,151690,151894,152096,152297,152500,152697,152900,153098,153295,153496,153693,153892,154095,154298,154501,154703,154906,155111,155313,155515,155723,155944,156155
sel16483_1,150271,150473,150675,150878,151080,151286,151490,151690,151894,152096,152297,152500,152697,152900,153098,153295,153496,153693,153892,154095,154298,154501,154703,154906,155111,155313,155515,155723,155944,156155
sel16539_0,150200,150417,150627,150846,151098,151386,151700,151982,152198,152408,152604,152808,152990,153185,153374,153591,153782,153986,154212,154430,154640,154888,155106,155455,155778,156043,156365,156658,156923,157162
sel16539_1,150200,150417,150627,150846,151098,151386,151700,151982,152198,152408,152604,152808,152990,153185,153374,153591,153782,153986,154212,154430,154640,154888,155106,155455,155778,156043,156365,156658,156923,157162
sel16773_0,150271,150509,150734,150962,151176,151383,151596,151831,152070,152302,152543,152769,152981,153210,153441,153664,153888,154115,154347,154563,154793,155028,155258,155475,155719,155971,156216,156441,156654,156865
sel16773_1,150271,150509,150734,150962,151176,151383,151596,151831,152070,152302,152543,152769,152981,153210,153441,153664,153888,154115,154347,154563,154793,155028,155258,155475,155719,155971,156216,156441,156654,156865
sel16786_0,150330,150562,150814,151071,151331,151564,151791,152027,152274,152509,152735,152984,153238,153492,153731,153994,154245,154484,154722,154963,155207,155429,155659,155892,156134,156376,156612,156862,157106,157354
sel16786_1,150330,150562,150814,151071,151331,151564,151791,152027,152274,152509,152735,152984,153238,153492,153731,153994,154245,154484,154722,154963,155207,155429,155659,155892,156134,156376,156612,156862,157106,157354
sel16795_0,150517,150771,151086,151403,151710,152003,152301,152610,152918,153193,153485,153789,154089,154371,154682,155002,155312,155602,155900,156217,156527,156816,157121,157440,157751,158037,158350,158660,158959,159233
sel16795_1,150517,150771,151086,151403,151710,152003,152301,152610,152918,153193,153485,153789,154089,154371,154682,155002,155312,155602,155900,156217,156527,156816,157121,157440,157751,158037,158350,158660,158959,159233
sel17152_0,150151,150287,150424,150560,150696,150834,150970,151108,151242,151377,151512,151650,151784,151920,152060,152196,152334,152470,152607,152743,152882,153018,153154,153293,153431,153570,153708,153844,153983,154119
sel17152_1,150151,150287,150424,150560,150696,150834,150970,151108,151242,151377,151512,151650,151784,151920,152060,152196,152334,152470,152607,152743,152882,153018,153154,153293,153431,153570,153708,153844,153983,154119
sel17453_0,150252,150459,150699,150971,151208,151448,151688,151926,152146,152368,152600,152813,153031,153256,153489,153698,153906,154114,154332,154532,154724,154928,155148,155380,155578,155769,155976,156209,156439,156673
sel17453_1,150252,150459,150699,150971,151208,151448,151688,151926,152146,152368,152600,152813,153031,153256,153489,153698,153906,154114,154332,154532,154724,154928,155148,155380,155578,155769,155976,156209,156439,156673
sel213_0,150180,150320,150454,150593,150734,150873,151007,151140,151276,151413,151554,151689,151830,151971,152107,152241,152377,152519,152660,152794,152935,153071,153204,153346,153480,153616,153759,153896,190879,191011,191148,191284,191428,191568,191681,191706,191849,191985,192124,192262,192400,192538,192682,192822,192955,193098,193230,193371,193509,193648,193786,193927,194061,194194,194336,194476,194614,194754,194895,195038,195175,195311,195447,195588,195733,195867,196005,196140,196286,196414,196559
sel213_1,150180,150320,150454,150593,150734,150873,151007,151140,151276,151413,151554,151689,151830,151971,152107,152241,152377,152519,152660,152794,152935,153071,153204,153346,153480,153616,153759,153896,190879,191011,191148,191284,191428,191568,191681,191706,191849,191985,192124,192262,192400,192538,192682,192822,192955,193098,193230,193371,193509,193648,193786,193927,194061,194194,194336,194476,194614,194754,194895,195038,195175,195311,195447,195588,195733,195867,196005,196140,196286,196414,196559
sel223_0,167892,168065,168226,168392,168559,168731,168907,169078,169239,169406,169578,169753,169912,170078,170246,170415,170591,170761,170928,171103,171277,171458,171619,171790,171959,172136,172306,172474,172643,172822
sel223_1,167892,168065,168226,168392,168559,168731,168907,169078,169239,169406,169578,169753,169912,170078,170246,170415,170591,170761,170928,171103,171277,171458,171619,171790,171959,172136,172306,172474,172643,172822
sel230_0,150171,150363,150553,150748,150950,151153,151356,151544,151739,151927,152130,152322,152519,152715,152905,153100,153302,153516,153736,153962,154191,154407,154608,154810,155016,155222,155419,155619,155821,156031,156242,156458,156675,156890
sel230_1,150171,150363,150553,150748,150950,151153,151356,151544,151739,151927,152130,152322,152519,152715,152905,153100,153302,153516,153736,153962,154191,154407,154608,154810,155016,155222,155419,155619,155821,156031,156242,156458,156675,156890
sel231_0,150347,150584,150816,151043,151275,151520,151770,152003,152246,152494,152722,152965,153203,153430,153658,153898,154115,154350,154581,154807,155022,155240,155455,155664,155883,156106,156321,156531,156757,156977,157182,157391,157606,157805,158005,158204,158408,158604,158815,159011,159411,159624,159823,160236,160638,160836,161038,161244,161442,165956,166380,166802,167229,167621,168039,168446,168852,169256,169677,170109,170516,170949,171372
sel231_1,150347,150584,150816,151043,151275,151520,151770,152003,152246,152494,152722,152965,153203,153430,153658,153898,154115,154350,154581,154807,155022,155240,155455,155664,155883,156106,156321,156531,156757,156977,157182,157391,157606,157805,158005,158204,158408,158604,158815,159011,159411,159624,159823,160236,160638,160836,161038,161244,161442,165956,166380,166802,167229,167621,168039,168446,168852,169256,169677,170109,170516,170949,171372
sel233_0,153092,153243,153392,153543,153839,153985,154136,154287,154429
sel233_1,153092,153243,153392,153543,153839,153985,154136,154287,154429
sel30_0,150365,150596,150824,151055,151288,151532,151760,151999,152235,152462,152692,152918,153146,153381,153620,153851,154089,154325,154561,154797,155037,155264,155498,155725,155954,156187,156421,156649,156883,157109
sel30_1,150365,150596,150824,151055,151288,151532,151760,151999,152235,152462,152692,152918,153146,153381,153620,153851,154089,154325,154561,154797,155037,155264,155498,155725,155954,156187,156421,156649,156883,157109
sel301_0,150229,150424,150616,150809,151002,151197,151404,151610,151807,152008,152218,152425,152637,152840,153047,153244,157056,157258,157460,157658,157855,158056,158257,158452,158649,158851,159054,159260,159455,159659
sel301_1,150229,150424,150616,150809,151002,151197,151404,151610,151807,152008,152218,152425,152637,152840,153047,153244,157056,157258,157460,157658,157855,158056,158257,158452,158649,158851,159054,159260,159455,159659
sel302_0,151127,151268,151411,151551,151694,151838,151979,152122,152268,152413,152559,152705,152856,153010,153160,153310,153471,153626,153778,153933,154091,154248,154403
sel302_1,151127,151268,151411,151551,151694,151838,151979,152122,152268,152413,152559,152705,152856,153010,153160,153310,153471,153626,153778,153933,154091,154248,154403
sel306_0,150261,150459,150657,150858,151065,151265,151466,151667,151874,152094,152304,152518,152732,152945,153154,153375,153593,153814,154045,154268,154494,154728,154950,155167,155391,155614,155827,156041,156251,156469
sel306_1,150261,150459,150657,150858,151065,151265,151466,151667,151874,152094,152304,152518,152732,152945,153154,153375,153593,153814,154045,154268,154494,154728,154950,155167,155391,155614,155827,156041,156251,156469
sel307_0,150400,150673,150964,151255,151546,151819,152062,152301,152548,152828,153106,153387,153669,153949,154242,154508,154789,155070,155341,155624,155900,156161,156399,156683,156927,157154,157375,157679,157961,158231
sel307_1,150400,150673,150964,151255,151546,151819,152062,152301,152548,152828,153106,153387,153669,153949,154242,154508,154789,155070,155341,155624,155900,156161,156399,156683,156927,157154,157375,157679,157961,158231
sel308_0,150297,150504,150715,150934,151150,151336,151570,151809,152031,152240,152452,152668,152880,153085,153291,153499,153706,153904,154104,154270,154502,154707,154909,155112,155281,155507,155725,155940,156148,156323,156589,156818,157045,157254,157472,157677,157895,158103,158318,158526,158736,158938,159153,159359,159558,159757,159967
sel308_1,150297,150504,150715,150934,151150,151336,151570,151809,152031,152240,152452,152668,152880,153085,153291,153499,153706,153904,154104,154270,154502,154707,154909,155112,155281,155507,155725,155940,156148,156323,156589,156818,157045,157254,157472,157677,157895,158103,158318,158526,158736,158938,159153,159359,159558,159757,159967
sel31_0,150254,150460,150662,150866,151069,151278,151489,151689,151904,152109,152325,152538,152752,152964,153179,153389,153602,153814,154025,154238,154445,154658,154866,155084,155288,155497,155707,155909,156115,156323
sel31_1,150254,150460,150662,150866,151069,151278,151489,151689,151904,152109,152325,152538,152752,152964,153179,153389,153602,153814,154025,154238,154445,154658,154866,155084,155288,155497,155707,155909,156115,156323
sel32_0,150333,150520,150702,150880,151068,151253,151440,151620,151809,151994,152177,152359,152545,152726,152906,153088,153267,153450,153626,153803,153984,154163,154342,154520,154705,154882,155059,155238,155418,155594
sel32_1,150333,150520,150702,150880,151068,151253,151440,151620,151809,151994,152177,152359,152545,152726,152906,153088,153267,153450,153626,153803,153984,154163,154342,154520,154705,154882,155059,155238,155418,155594
sel33_0,150430,150837,151262,151647,152065,152506,152931,153356,153753,154168,154560,154981,155410,155820,156261,156688,157105,157523,157947,158352,158825,159220,159655,160073,160494,160917,161342,161793,162218,162661
sel33_1,150430,150837,151262,151647,152065,152506,152931,153356,153753,154168,154560,154981,155410,155820,156261,156688,157105,157523,157947,158352,158825,159220,159655,160073,160494,160917,161342,161793,162218,162661
sel34_0,150232,150468,150713,150947,151197,151463,151718,151989,152261,152530,152776,153014,153251,153482,153705,153930,154176,154427,154673,154896,155119,155329,155540,155757,155976,156231,156507,156780,157060,157317
sel34_1,150232,150468,150713,150947,151197,151463,151718,151989,152261,152530,152776,153014,153251,153482,153705,153930,154176,154427,154673,154896,155119,155329,155540,155757,155976,156231,156507,156780,157060,157317
sel38_0,150232,150375,150521,150666,150812,150956,151100,151248,151393,151538,151681,151823,151968,152121,152260,152407,152555,152694,152842,152992,153137,153281,153426,153571,153719,153859,154004,154149,154296,154443
sel38_1,150232,150375,150521,150666,150812,150956,151100,151248,151393,151538,151681,151823,151968,152121,152260,152407,152555,152694,152842,152992,153137,153281,153426,153571,153719,153859,154004,154149,154296,154443
sel39_0,150229,150442,150622,150834,151006,151218,151383,151597,151777,151985,152159,152372,152546,152756,152934,153141,153323,153533,153707,153915,154094,154302,154474,154678,154860,155067,155241,155449,155620,155827,156006,156209,156392
sel39_1,150229,150442,150622,150834,151006,151218,151383,151597,151777,151985,152159,152372,152546,152756,152934,153141,153323,153533,153707,153915,154094,154302,154474,154678,154860,155067,155241,155449,155620,155827,156006,156209,156392
sel40_0,150271,150490,150701,150903,151132,151321,151561,151764,151994,152193,152422,152637,152840,153054,153265,153492,153697,153898,154120,154342,154557,154761,154971,155183,155396,155614,155833,156037,156249,156467
sel40_1,150271,150490,150701,150903,151132,151321,151561,151764,151994,152193,152422,152637,152840,153054,153265,153492,153697,153898,154120,154342,154557,154761,154971,155183,155396,155614,155833,156037,156249,156467
sel41_0,150247,150418,150588,150752,150905,151068,151237,151420,151568,151739,151909,152081,152238,152404,152566,152744,152905,153069,153240,153406,153570,153735,153897,154066,154244,154400,154564,154729,154911,155059
sel41_1,150247,150418,150588,150752,150905,151068,151237,151420,151568,151739,151909,152081,152238,152404,152566,152744,152905,153069,153240,153406,153570,153735,153897,154066,154244,154400,154564,154729,154911,155059
sel42_0,150143,150318,150491,150659,150832,151006,151178,151352,151529,151708,151884,152070,152262,152451,152642,152834,153033,153225,153418,153609,153793,153977,154154,154334,154513,154694,154874,155054,155241,155425
sel42_1,150143,150318,150491,150659,150832,151006,151178,151352,151529,151708,151884,152070,152262,152451,152642,152834,153033,153225,153418,153609,153793,153977,154154,154334,154513,154694,154874,155054,155241,155425
sel43_0,150247,150419,150574,150736,150890,151048,151204,151362,151519,151678,151833,151991,152150,152311,152473,152632,152788,152944,153099,153256,153413,153570,153728,153886,154041,154194,154355,154509,154665,154826
sel43_1,150247,150419,150574,150736,150890,151048,151204,151362,151519,151678,151833,151991,152150,152311,152473,152632,152788,152944,153099,153256,153413,153570,153728,153886,154041,154194,154355,154509,154665,154826
sel44_0,150191,150363,150703,151045,151217,151382,151730,151901,152064,152408,152584,152749,153085,153254,153428,153758,154099,154271,154436,154769,154948,155108,155441,155608,155777,156108
sel44_1,150191,150363,150703,151045,151217,151382,151730,151901,152064,152408,152584,152749,153085,153254,153428,153758,154099,154271,154436,154769,154948,155108,155441,155608,155777,156108
sel45_0,150252,150491,150720,150951,151172,151406,151633,151858,152087,152310,152538,152764,152997,153221,153445,153676,153906,154129,154360,154585,154812,155041,155275,155505,155729,155966,156193,156428,156652,156882
sel45_1,150252,150491,150720,150951,151172,151406,151633,151858,152087,152310,152538,152764,152997,153221,153445,153676,153906,154129,154360,154585,154812,155041,155275,155505,155729,155966,156193,156428,156652,156882
sel46_0,150446,150744,151030,151330,151616,151889,152125,152333,152623,152889,153169,153438,153752,154036,154308,154618,157608,157904,158942,159240,159507,159820,163528,163824,164113,164415,164676,164973,165272,165536,165829,166159
sel46_1,150446,150744,151030,151330,151616,151889,152125,152333,152623,152889,153169,153438,153752,154036,154308,154618,157608,157904,158942,159240,159507,159820,163528,163824,164113,164415,164676,164973,165272,165536,165829,166159
sel47_0,150404,150659,150920,151182,151446,151702,151962,152223,152486,152737,152998,153260,153526,153787,154045,154307,154577,154830,155090,155348,155603,155861,156120,156385,156638,156901,157159,157420,157671,157929
sel47_1,150404,150659,150920,151182,151446,151702,151962,152223,152486,152737,152998,153260,153526,153787,154045,154307,154577,154830,155090,155348,155603,155861,156120,156385,156638,156901,157159,157420,157671,157929
sel48_0,150147,150301,150457,150614,150772,150924,151084,151238,151395,151550,151706,151864,152018,152176,152332,152489,152641,152795,152950,153106,153261,153420,153578,153739,153898,154055,154214,154375,154531,154696
sel48_1,150147,150301,150457,150614,150772,150924,151084,151238,151395,151550,151706,151864,152018,152176,152332,152489,152641,152795,152950,153106,153261,153420,153578,153739,153898,154055,154214,154375,154531,154696
sel49_0,150268,150539,150812,151086,151357,151629,151901,152176,152445,152717,152991,153258,153528,153798,154069,154342,154612,154882,155157,155427,155697,155968,156241,156509,156777,157048,157317,157852,158116,158382,158647,158904
sel49_1,150268,150539,150812,151086,151357,151629,151901,152176,152445,152717,152991,153258,153528,153798,154069,154342,154612,154882,155157,155427,155697,155968,156241,156509,156777,157048,157317,157852,158116,158382,158647,158904
sel51_0,150473,150776,151082,151384,151684,151987,152295,152593,152890,153168,153460,153774,154079,154383,154691,154994,155296,155602,155907,156205,156487,156787,157092,157396,157701,158006,158312,158613,158919,159225
sel51_1,150473,150776,151082,151384,151684,151987,152295,152593,152890,153168,153460,153774,154079,154383,154691,154994,155296,155602,155907,156205,156487,156787,157092,157396,157701,158006,158312,158613,158919,159225
sel52_0,150272,150432,150592,150757,150912,151068,151225,151382,151546,151698,151860,152021,152178,152333,152491,152639,152801,152959,153114,153270,153425,153586,153742,153902,154058,154216,154374,154530,154691,154845
sel52_1,150272,150432,150592,150757,150912,151068,151225,151382,151546,151698,151860,152021,152178,152333,152491,152639,152801,152959,153114,153270,153425,153586,153742,153902,154058,154216,154374,154530,154691,154845
sel803_0,150190,150401,150622,150846,151070,151288,151506,151729,151956,152178,152400,152622,152856,153087,153312,153536,153767,154002,154223,154678,154894,155118,155338,155553,155774,155995,156219,156443,156667
sel803_1,150190,150401,150622,150846,151070,151288,151506,151729,151956,152178,152400,152622,152856,153087,153312,153536,153767,154002,154223,154678,154894,155118,155338,155553,155774,155995,156219,156443,156667
sel808_0,150254,150502,150756,151003,151250,151495,151742,151982,152226,152472,152719,152969,153222,153476,153738,154005,154268,154535,154802,155064,155320,155587,155844,156106,156369,156637,156903,157168,157438,157706
sel808_1,150254,150502,150756,151003,151250,151495,151742,151982,152226,152472,152719,152969,153222,153476,153738,154005,154268,154535,154802,155064,155320,155587,155844,156106,156369,156637,156903,157168,157438,157706
sel811_0,150305,150614,150932,151246,151559,151889,152207,152517,152831,153147,153449,153767,154087,154395,154734,155060,155378,155693,156008,156305,156623,156948,157261,157585,157917,158231,158553,158878,159194,159512
sel811_1,150305,150614,150932,151246,151559,151889,152207,152517,152831,153147,153449,153767,154087,154395,154734,155060,155378,155693,156008,156305,156623,156948,157261,157585,157917,158231,158553,158878,159194,159512
sel820_0,150240,150431,150623,150812,151013,151209,151406,151533,151773,151970,152165,152354,152548,152745,152937,153136,153335,153528,153654,153894,154094,154292,154500,154688
sel820_1,150240,150431,150623,150812,151013,151209,151406,151533,151773,151970,152165,152354,152548,152745,152937,153136,153335,153528,153654,153894,154094,154292,154500,154688
sel821_0,150177,150329,150462,150753,150899,151028,151181,151335,151474,151600,151767,151906,152049,152183,152341,152616,152769,152891,153057,153201,153339,153487,153628,153753,153912,154058
sel821_1,150177,150329,150462,150753,150899,151028,151181,151335,151474,151600,151767,151906,152049,152183,152341,152616,152769,152891,153057,153201,153339,153487,153628,153753,153912,154058
sel840_0,150263,150469,150681,150871,151056,151247,151462,151667,151864,152063,152259,152445,152635,152829,153020,153209,153401,153587,153790,153972,154170,154359,154551,154753,154949,155144,155344,155542,155732,155946
sel840_1,150263,150469,150681,150871,151056,151247,151462,151667,151864,152063,152259,152445,152635,152829,153020,153209,153401,153587,153790,153972,154170,154359,154551,154753,154949,155144,155344,155542,155732,155946
sel847_0,150260,150559,150864,151159,151465,151759,152049,152354,152642,152929,153227,153521,153658,153994,154292,154587,154870,155151,155432,155724,156003,156274,156550,157617,157899,158180,158462,158765,159075,159367,159676,159975,160274
sel847_1,150260,150559,150864,151159,151465,151759,152049,152354,152642,152929,153227,153521,153658,153994,154292,154587,154870,155151,155432,155724,156003,156274,156550,157617,157899,158180,158462,158765,159075,159367,159676,159975,160274
sel853_0,150265,150470,150668,150872,151076,151276,151481,151682,151880,152083,152288,152494,152698,152904,153108,153307,153510,153709,153913,154121,154325,154528,154723,154928,155130,155335,155535,155747,155953,156155
sel853_1,150265,150470,150668,150872,151076,151276,151481,151682,151880,152083,152288,152494,152698,152904,153108,153307,153510,153709,153913,154121,154325,154528,154723,154928,155130,155335,155535,155747,155953,156155
sel871_0,150417,150663,150910,151142,151384,151629,151868,152109,152354,152601,152844,153089,153330,153585,153841,154101,154361,154613,154863,155111,155360,155609,155857,156108,156361,156611,156861,157107,157351,157530,157835,158072,158301,158531,158771,159002,159239,159472,159712,159950,160186,160415,160647,160889,161133,161368,161608,161842,162082,162334,162597
sel871_1,150417,150663,150910,151142,151384,151629,151868,152109,152354,152601,152844,153089,153330,153585,153841,154101,154361,154613,154863,155111,155360,155609,155857,156108,156361,156611,156861,157107,157351,157530,157835,158072,158301,158531,158771,159002,159239,159472,159712,159950,160186,160415,160647,160889,161133,161368,161608,161842,162082,162334,162597
sel872_0,150222,150456,150691,150918,151144,151369,151602,151830,152056,152280,152511,152752,152989,153216,153441,153670,153908,154140,154371,154594,154826,155058,155285,155508,155737,155963,156192,156411,156639,156878
sel872_1,150222,150456,150691,150918,151144,151369,151602,151830,152056,152280,152511,152752,152989,153216,153441,153670,153908,154140,154371,154594,154826,155058,155285,155508,155737,155963,156192,156411,156639,156878
sel873_0,150269,150540,150828,151096,151367,151646,151919,152185,152459,152731,153001,153275,153549,153819,154085,154362,154632,154903,155165,155437,155703,155968,156246,156500,156773,157043,157306
sel873_1,150269,150540,150828,151096,151367,151646,151919,152185,152459,152731,153001,153275,153549,153819,154085,154362,154632,154903,155165,155437,155703,155968,156246,156500,156773,157043,157306
sel883_0,150443,150700,150957,151209,151467,151718,151974,152227,152477,152737,152988,153241,153501,153762,154026,154275,154541,154796,155059,155317,155571,155827,156076,156334,156593,156844,157098,157346,157602,157860
sel883_1,150443,150700,150957,151209,151467,151718,151974,152227,152477,152737,152988,153241,153501,153762,154026,154275,154541,154796,155059,155317,155571,155827,156076,156334,156593,156844,157098,157346,157602,157860
sel891_0,150191,150566,150750,150925,151112,151296,151476,151648,151850,152018,152396,152578,152770,152951,153312,153496,153848,154035,154212,154388,154572,154938,155294,155477,155657,155832,156017,156377,156560,156743,157103,157284,157462,157644,157822,158176,158360,158541,158905,159082
sel891_1,150191,150566,150750,150925,151112,151296,151476,151648,151850,152018,152396,152578,152770,152951,153312,153496,153848,154035,154212,154388,154572,154938,155294,155477,155657,155832,156017,156377,156560,156743,157103,157284,157462,157644,157822,158176,158360,158541,158905,159082
sele0104_0,150322,150586,150858,151125,151381,151644,151911,152179,152446,152714,152984,153251,153509,153779,154048,154317,154581,154858,155137,155416,155685,155954,156233,156499,156762,157028,157302,157571,157832,158105
sele0104_1,150322,150586,150858,151125,151381,151644,151911,152179,152446,152714,152984,153251,153509,153779,154048,154317,154581,154858,155137,155416,155685,155954,156233,156499,156762,157028,157302,157571,157832,158105
sele0106_0,150282,150544,150816,151085,151343,151598,151861,152118,152378,152636,152896,153161,153438,153703,153962,154230,154493,154759,155020,155292,155550,155813,156079,156347,156590,156847,157101,157349,157600,157857
sele0106_1,150282,150544,150816,151085,151343,151598,151861,152118,152378,152636,152896,153161,153438,153703,153962,154230,154493,154759,155020,155292,155550,155813,156079,156347,156590,156847,157101,157349,157600,157857
sele0107_0,150378,150667,150955,151243,151527,151810,152094,152377,152656,152931,153212,153496,153774,154055,154328,154598,154881,155176,155463,155757,156040,156323,156610,156889,157166,157456,157743,158030,158318,158604
sele0107_1,150378,150667,150955,151243,151527,151810,152094,152377,152656,152931,153212,153496,153774,154055,154328,154598,154881,155176,155463,155757,156040,156323,156610,156889,157166,157456,157743,158030,158318,158604
sele0110_0,150403,150642,150879,151117,151358,151590,151838,152082,152327,152575,152821,153056,153274,153486,153712,153940,154184,154429,154676,154921,155161,155408,155650,155893,156140,156392,156637,156877,157125,157375
sele0110_1,150403,150642,150879,151117,151358,151590,151838,152082,152327,152575,152821,153056,153274,153486,153712,153940,154184,154429,154676,154921,155161,155408,155650,155893,156140,156392,156637,156877,157125,157375
sele0111_0,150421,150668,150915,151158,151406,151652,151898,152145,152388,152627,152875,153126,153377,153628,153881,154133,154386,154642,154891,155140,155385,155635,155877,156120,156368,156612,156855,157100,157346,157595
sele0111_1,150421,150668,150915,151158,151406,151652,151898,152145,152388,152627,152875,153126,153377,153628,153881,154133,154386,154642,154891,155140,155385,155635,155877,156120,156368,156612,156855,157100,157346,157595
sele0112_0,150470,150812,151154,151494,151839,152180,152514,152853,153186,153524,153858,154198,154538,154880,155220,155564,155903,156239,156579,156911,157246,157584,157923,158261,158603,158947,159288,159627,159959,160301,207877,208166,208453,208747,209049,209345,209651,209949,210240,210534,210826,211109,211408,211698,212001,212294,212679,213027,213369,213703
sele0112_1,150470,150812,151154,151494,151839,152180,152514,152853,153186,153524,153858,154198,154538,154880,155220,155564,155903,156239,156579,156911,157246,157584,157923,158261,158603,158947,159288,159627,159959,160301,207877,208166,208453,208747,209049,209345,209651,209949,210240,210534,210826,211109,211408,211698,212001,212294,212679,213027,213369,213703
sele0114_0,150745,151039,151264,151689,152073,152392,152798,153201,153583,153978,154376,154675,154919,155342,155729,156033,156291,156723,157113,157395,157647,158072,158478,158852,159209,159598,159900,160309,160697,160971
sele0114_1,150745,151039,151264,151689,152073,152392,152798,153201,153583,153978,154376,154675,154919,155342,155729,156033,156291,156723,157113,157395,157647,158072,158478,158852,159209,159598,159900,160309,160697,160971
sele0116_0,150617,150986,151357,151737,152121,152511,152894,153285,153664,154040,154432,154848,155264,155689,156100,156528,156925,157307,157696,158088,158492,158902,159312,159740,160159,160563,160971,161400,161808,162216
sele0116_1,150617,150986,151357,151737,152121,152511,152894,153285,153664,154040,154432,154848,155264,155689,156100,156528,156925,157307,157696,158088,158492,158902,159312,159740,160159,160563,160971,161400,161808,162216
sele0121_0,150217,150372,150527,150682,150836,150991,151143,151296,151451,151603,151756,151908,152060,152213,152367,152522,152679,152833,152986,153141,153301,153454,153608,153763,153918,154073,154230,154388,154546,154704
sele0121_1,150217,150372,150527,150682,150836,150991,151143,151296,151451,151603,151756,151908,152060,152213,152367,152522,152679,152833,152986,153141,153301,153454,153608,153763,153918,154073,154230,154388,154546,154704
sele0122_0,150195,150354,150519,150680,150844,151006,151171,151337,151500,151664,151828,151993,152151,152312,152472,152630,152789,152949,153109,153273,153434,153598,153764,153926,154091,154255,154422,154586,154753,154919
sele0122_1,150195,150354,150519,150680,150844,151006,151171,151337,151500,151664,151828,151993,152151,152312,152472,152630,152789,152949,153109,153273,153434,153598,153764,153926,154091,154255,154422,154586,154753,154919
sele0124_0,150353,150545,150739,150933,151132,151316,151514,151706,151904,152106,152294,152499,152695,152894,153093,153303,153507,153714,153925,154136,154346,154550,154754,154957,155163,155364,155565,155770,155974,156169,156369,156571,156772,156968,157163,157358,157556,157756,157957,158159,158365,158577,158783,158995,159207,159413,159620
sele0124_1,150353,150545,150739,150933,151132,151316,151514,151706,151904,152106,152294,152499,152695,152894,153093,153303,153507,153714,153925,154136,154346,154550,154754,154957,155163,155364,155565,155770,155974,156169,156369,156571,156772,156968,157163,157358,157556,157756,157957,158159,158365,158577,158783,158995,159207,159413,159620
sele0126_0,150192,150440,150684,150928,151168,151412,151653,151891,152132,152379,152617,152865,153108,153350,153596,153839,154075,154316,154557,154793,155037,155281,155524,155768,156014,156256,156503,156742,156982,157223
sele0126_1,150192,150440,150684,150928,151168,151412,151653,151891,152132,152379,152617,152865,153108,153350,153596,153839,154075,154316,154557,154793,155037,155281,155524,155768,156014,156256,156503,156742,156982,157223
sele0129_0,150353,150691,151028,151366,151704,152041,152385,152721,153006,153278,153539,153804,154060,154303,154540,154864,155251,155565,155900,156229,156544,156879,157217,157542,157885,158233,158571,158923,159274,159606,159949,160287,160611,160949
sele0129_1,150353,150691,151028,151366,151704,152041,152385,152721,153006,153278,153539,153804,154060,154303,154540,154864,155251,155565,155900,156229,156544,156879,157217,157542,157885,158233,158571,158923,159274,159606,159949,160287,160611,160949
sele0133_0,150450,150722,150994,151255,151527,151808,152079,152344,152607,152865,153116,153377,153637,153891,154145,154407,154681,154947,155215,155484,155748,156006,156270,156528,156782,157046,157315,157578,157846,158130
sele0133_1,150450,150722,150994,151255,151527,151808,152079,152344,152607,152865,153116,153377,153637,153891,154145,154407,154681,154947,155215,155484,155748,156006,156270,156528,156782,157046,157315,157578,157846,158130
sele0136_0,150187,150386,150594,150791,151006,151329,151622,151924,152234,152534,152842,153155,153467,153739,154005,154264,154517,154781,155052,155339,155630,155938,156232,156529,156836,157147,157440,157737,158036,158346
sele0136_1,150187,150386,150594,150791,151006,151329,151622,151924,152234,152534,152842,153155,153467,153739,154005,154264,154517,154781,155052,155339,155630,155938,156232,156529,156836,157147,157440,157737,158036,158346
sele0166_0,150543,150825,151116,151414,151710,152013,152324,152637,152947,153262,153587,153896,154216,154535,154856,155161,155467,155775,156091,156396,156706,157017,157327,157626,157936,158245,158546,158856,159160,159456,159748,160046
sele0166_1,150543,150825,151116,151414,151710,152013,152324,152637,152947,153262,153587,153896,154216,154535,154856,155161,155467,155775,156091,156396,156706,157017,157327,157626,157936,158245,158546,158856,159160,159456,159748,160046
sele0170_0,150260,150520,150767,151023,151275,151525,151783,152050,152316,152580,152848,153113,153374,153632,153885,154142,154397,154648,154907,155161,155420,155678,155940,156205,156462,156714,156981,157247,157503,157770
sele0170_1,150260,150520,150767,151023,151275,151525,151783,152050,152316,152580,152848,153113,153374,153632,153885,154142,154397,154648,154907,155161,155420,155678,155940,156205,156462,156714,156981,157247,157503,157770
sele0203_0,150228,150393,150560,150734,150898,151066,151242,151417,151587,151763,151992,152186,152379,152589,152789,152978,153163,153333,153508,153698,153880,154060,154281,154555,154745,154929,155126,155301,155488,155666
sele0203_1,150228,150393,150560,150734,150898,151066,151242,151417,151587,151763,151992,152186,152379,152589,152789,152978,153163,153333,153508,153698,153880,154060,154281,154555,154745,154929,155126,155301,155488,155666
sele0210_0,150248,150463,150691,150919,151143,151359,151560,151767,151980,152191,152403,152615,152830,153038,153243,153448,153647,153850,154074,154295,154515,154731,154937,155138,155335,155539,155748,155957,156168,156382
sele0210_1,150248,150463,150691,150919,151143,151359,151560,151767,151980,152191,152403,152615,152830,153038,153243,153448,153647,153850,154074,154295,154515,154731,154937,155138,155335,155539,155748,155957,156168,156382
sele0211_0,150145,150291,150435,150577,150723,150867,151013,151155,151302,151448,151595,151738,151883,152027,152174,152317,152462,152607,152753,152898,153049,153188,153331,153478,153623,153766,153910,154056,154201,154343
sele0211_1,150145,150291,150435,150577,150723,150867,151013,151155,151302,151448,151595,151738,151883,152027,152174,152317,152462,152607,152753,152898,153049,153188,153331,153478,153623,153766,153910,154056,154201,154343
sele0303_0,150375,150595,150813,151031,151252,151469,151685,151904,152122,152337,152553,152773,152989,153208,153426,153644,153861,154080,154297,154515,154734,154952,155170,155386,155603,155815,156031,156245,156460,156677
sele0303_1,150375,150595,150813,151031,151252,151469,151685,151904,152122,152337,152553,152773,152989,153208,153426,153644,153861,154080,154297,154515,154734,154952,155170,155386,155603,155815,156031,156245,156460,156677
sele0405_0,150230,150409,150589,150771,150949,151112,151284,151447,151615,151776,151944,152099,152261,152418,152577,152737,152899,153062,153223,153383,153545,153708,153876,154040,154205,154376,154541,154711,154877,155040
sele0405_1,150230,150409,150589,150771,150949,151112,151284,151447,151615,151776,151944,152099,152261,152418,152577,152737,152899,153062,153223,153383,153545,153708,153876,154040,154205,154376,154541,154711,154877,155040
sele0406_0,150420,150659,150896,151133,151367,151603,151827,152061,152294,152535,152779,153028,153274,153521,153763,153996,154232,154471,154701,154933,155178,155406,155646,155883,156123,156359,156604,156847,157093,157342
sele0406_1,150420,150659,150896,151133,151367,151603,151827,152061,152294,152535,152779,153028,153274,153521,153763,153996,154232,154471,154701,154933,155178,155406,155646,155883,156123,156359,156604,156847,157093,157342
sele0409_0,150145,150259,150376,150492,150614,150726,150840,150958,151074,151193,151309,151423,151542,151658,151777,151892,152011,152126,152246,152364,152482,152597,152715,152837,152953,153073,153194,153315,153430,153550
sele0409_1,150145,150259,150376,150492,150614,150726,150840,150958,151074,151193,151309,151423,151542,151658,151777,151892,152011,152126,152246,152364,152482,152597,152715,152837,152953,153073,153194,153315,153430,153550
sele0411_0,150227,150412,150603,150800,150984,151171,151356,151549,151745,151932,152113,152299,152484,152678,152864,153045,153234,153423,153613,153802,153985,154184,154386,154577,154768,154962,155159,155345,155527,155712
sele0411_1,150227,150412,150603,150800,150984,151171,151356,151549,151745,151932,152113,152299,152484,152678,152864,153045,153234,153423,153613,153802,153985,154184,154386,154577,154768,154962,155159,155345,155527,155712
sele0509_0,150228,150442,150662,150873,151080,151295,151512,151727,151943,152163,152387,152614,152847,153075,153301,153525,153745,153962,154187,154406,154619,154837,155058,155276,155490,155700,155918,156130,156341,156549
sele0509_1,150228,150442,150662,150873,151080,151295,151512,151727,151943,152163,152387,152614,152847,153075,153301,153525,153745,153962,154187,154406,154619,154837,155058,155276,155490,155700,155918,156130,156341,156549
sele0603_0,150300,150581,150864,151138,151406,151677,151942,152209,152481,152761,153032,153307,153579,153860,154135,154402,154676,154940,155204,155482,155766,156049,156333,156610,156880,157151,157416,157685,157967,158244
sele0603_1,150300,150581,150864,151138,151406,151677,151942,152209,152481,152761,153032,153307,153579,153860,154135,154402,154676,154940,155204,155482,155766,156049,156333,156610,156880,157151,157416,157685,157967,158244
sele0604_0,150217,150415,150608,150806,150998,151192,151385,151578,151770,151969,152163,152351,152541,152736,152929,153127,153322,153518,153713,153908,154102,154299,154491,154687,154879,155069,155269,155464,155658,155850
sele0604_1,150217,150415,150608,150806,150998,151192,151385,151578,151770,151969,152163,152351,152541,152736,152929,153127,153322,153518,153713,153908,154102,154299,154491,154687,154879,155069,155269,155464,155658,155850
sele0606_0,150287,150453,150620,150778,150942,151101,151262,151426,151592,151759,151926,152094,152260,152430,152598,152763,152929,153094,153264,153432,153601,153771,153942,154106,154273,154441,154607,154771,154931,155098
sele0606_1,150287,150453,150620,150778,150942,151101,151262,151426,151592,151759,151926,152094,152260,152430,152598,152763,152929,153094,153264,153432,153601,153771,153942,154106,154273,154441,154607,154771,154931,155098
sele0607_0,150206,150385,150566,150740,150921,151099,151274,151450,151625,151801,151972,152147,152318,152494,152667,152840,153016,153189,153366,153540,153712,153887,154063,154236,154412,154587,154767,154948,155125,155308
sele0607_1,150206,150385,150566,150740,150921,151099,151274,151450,151625,151801,151972,152147,152318,152494,152667,152840,153016,153189,153366,153540,153712,153887,154063,154236,154412,154587,154767,154948,155125,155308
sele0609_0,150304,150511,150722,150935,151141,151346,151556,151765,151969,152171,152373,152572,152775,152977,153176,153377,153580,153785,153986,154189,154394,154602,154808,155014,155215,155417,155619,155821,156020,156214
sele0609_1,150304,150511,150722,150935,151141,151346,151556,151765,151969,152171,152373,152572,152775,152977,153176,153377,153580,153785,153986,154189,154394,154602,154808,155014,155215,155417,155619,155821,156020,156214
sele0612_0,150430,150742,151056,151375,151690,152013,152330,152649,152966,153287,153604,153920,154232,154549,154870,155190,155520,155838,156169,156490,156815,157121,157443,157753,158072,158383,158699,159005,159313,159622
sele0612_1,150430,150742,151056,151375,151690,152013,152330,152649,152966,153287,153604,153920,154232,154549,154870,155190,155520,155838,156169,156490,156815,157121,157443,157753,158072,158383,158699,159005,159313,159622
sele0704_0,150193,150398,150606,150816,151020,151226,151435,151640,151848,152059,152266,152473,152677,152879,153079,153282,153478,153674,153874,154067,154257,154453,154645,154846,155050,155257,155473,155680,155884,156090
sele0704_1,150193,150398,150606,150816,151020,151226,151435,151640,151848,152059,152266,152473,152677,152879,153079,153282,153478,153674,153874,154067,154257,154453,154645,154846,155050,155257,155473,155680,155884,156090
